OsmosisIoT,ID,DataRate_Sec,StopDataGeneration_Sec,IoTDevice,IoTDeviceOutputData_Mb,MELName,OsmesisEdgelet_MI,MELOutputData_Mb,VmName,OsmesisCloudlet_MI,Protocol,Rate,Entropy
OsmosisIoT_1,1,1.2,200,temperature_1,500,MEL_1,200,250.0,VM_1,100.0,UDPFlooding,0.9992553675588467,0.0
OsmosisIoT_2,2,1.2,200,temperature_2,100,MEL_2,300,50.0,VM_2,150.0,UDPFlooding,0.9992553675588467,0.0
OsmosisIoT_3,3,1.2,200,temperature_3,150,MEL_3,400,75.0,VM_3,200.0,UDPFlooding,0.9992553675588467,0.0
OsmosisIoT_4,4,1.2,200,temperature_4,200,MEL_4,500,100.0,VM_4,250.0,UDPFlooding,0.9992553675588467,0.0
OsmosisIoT_5,5,1.2,200,temperature_5,500,MEL_5,200,250.0,VM_5,100.0,UDPFlooding,0.9992553675588467,0.0
OsmosisIoT_6,6,1.2,200,temperature_6,100,MEL_6,300,50.0,VM_6,150.0,UDPFlooding,0.9992553675588467,0.0
OsmosisIoT_7,7,1.2,200,temperature_7,150,MEL_7,400,75.0,VM_1,200.0,UDPFlooding,0.9992553675588467,0.0
OsmosisIoT_8,8,1.2,200,temperature_8,200,MEL_8,500,100.0,VM_2,250.0,UDPFlooding,0.9992553675588467,0.36318406816238125
OsmosisIoT_9,9,1.2,200,temperature_9,500,MEL_9,200,250.0,VM_3,100.0,PortScanning,0.0,0.9987561874465484
OsmosisIoT_10,10,1.2,200,temperature_10,100,MEL_10,300,50.0,VM_4,150.0,PortScanning,0.0,0.9987561874465484
OsmosisIoT_11,11,1.2,200,temperature_11,150,MEL_11,400,75.0,VM_5,200.0,PortScanning,0.0,0.9987561874465484
OsmosisIoT_12,12,1.2,200,temperature_12,200,MEL_12,500,100.0,VM_6,250.0,PortScanning,0.0,0.9987561874465484
OsmosisIoT_13,13,1.2,200,temperature_13,500,MEL_13,200,250.0,VM_1,100.0,PortScanning,0.0,0.9987561874465484
OsmosisIoT_14,14,1.2,200,temperature_14,100,MEL_14,300,50.0,VM_2,150.0,PortScanning,0.0,0.9987561874465484
OsmosisIoT_15,15,1.2,200,temperature_15,150,MEL_15,400,75.0,VM_3,200.0,PortScanning,0.0,0.9987561874465484
OsmosisIoT_16,16,1.2,200,temperature_16,200,MEL_16,500,100.0,VM_4,250.0,UDP_Port,0.9992553675588467,0.9987561874465484
OsmosisIoT_17,17,1.2,200,temperature_17,500,MEL_17,200,250.0,VM_5,100.0,UDP_Port,0.9992553675588467,0.9987561874465484
OsmosisIoT_18,18,1.2,200,temperature_18,100,MEL_18,300,50.0,VM_6,150.0,UDP_Port,0.9992553675588467,0.9987561874465484
OsmosisIoT_19,19,1.2,200,temperature_19,150,MEL_19,400,75.0,VM_1,200.0,UDP_Port,0.9992553675588467,0.9987561874465484
OsmosisIoT_20,20,1.2,200,temperature_20,200,MEL_20,500,100.0,VM_2,250.0,UDP_Port,0.9992553675588467,0.9987561874465484
OsmosisIoT_21,21,1.2,200,temperature_21,500,MEL_1,200,250.0,VM_3,100.0,UDP_Port,0.9992553675588467,0.9987561874465484
OsmosisIoT_22,22,1.2,200,temperature_22,100,MEL_2,300,50.0,VM_4,150.0,UDP_Port,0.9992553675588467,0.9987561874465484
OsmosisIoT_23,23,1.2,200,temperature_23,150,MEL_3,400,75.0,VM_5,200.0,UDP_Port,0.9992553675588467,0.9987561874465484
OsmosisIoT_24,24,1.2,200,temperature_24,200,MEL_4,500,100.0,VM_6,250.0,UDP_Port,0.9992553675588467,0.9987561874465484
OsmosisIoT_25,25,1.2,200,temperature_25,500,MEL_5,200,250.0,VM_1,100.0,Normal,0.0,0.0
OsmosisIoT_26,26,1.2,200,temperature_26,100,MEL_6,300,50.0,VM_2,150.0,Normal,0.0,0.0
OsmosisIoT_27,27,1.2,200,temperature_27,150,MEL_7,400,75.0,VM_3,200.0,Normal,0.0,0.0
OsmosisIoT_28,28,1.2,200,temperature_28,200,MEL_8,500,100.0,VM_4,250.0,Normal,0.0,0.09079601704059531
OsmosisIoT_29,29,1.2,200,temperature_29,500,MEL_9,200,250.0,VM_5,100.0,Normal,0.0,0.0
OsmosisIoT_30,30,1.2,200,temperature_30,100,MEL_10,300,50.0,VM_6,150.0,Normal,0.0,0.0
OsmosisIoT_31,31,1.2,200,temperature_31,150,MEL_11,400,75.0,VM_1,200.0,Normal,0.0,0.0
OsmosisIoT_32,32,1.2,200,temperature_32,200,MEL_12,500,100.0,VM_2,250.0,Normal,0.0,0.0
OsmosisIoT_33,33,1.2,200,temperature_33,500,MEL_13,200,250.0,VM_3,100.0,Normal,0.0,0.0
OsmosisIoT_34,34,1.2,200,temperature_34,100,MEL_14,300,50.0,VM_4,150.0,Normal,0.0,0.09079601704059531
OsmosisIoT_35,35,1.2,200,temperature_35,150,MEL_15,400,75.0,VM_5,200.0,Normal,0.0,0.0
OsmosisIoT_36,36,1.2,200,temperature_36,200,MEL_16,500,100.0,VM_6,250.0,Normal,0.0,0.0
OsmosisIoT_37,37,1.2,200,temperature_37,500,MEL_17,200,250.0,VM_1,100.0,Normal,0.0,0.0
OsmosisIoT_38,38,1.2,200,temperature_38,100,MEL_18,300,50.0,VM_2,150.0,Normal,0.0,0.0
OsmosisIoT_39,39,1.2,200,temperature_39,150,MEL_19,400,75.0,VM_3,200.0,Normal,0.0,0.0
OsmosisIoT_40,40,1.2,200,temperature_40,200,MEL_20,500,100.0,VM_4,250.0,Normal,0.0,0.0
OsmosisIoT_41,41,1.2,200,temperature_41,500,MEL_1,200,250.0,VM_5,100.0,Normal,0.0,0.0
OsmosisIoT_42,42,1.2,200,temperature_42,100,MEL_2,300,50.0,VM_6,150.0,Normal,0.0,0.0
OsmosisIoT_43,43,1.2,200,temperature_43,150,MEL_3,400,75.0,VM_1,200.0,Normal,0.0,0.0
OsmosisIoT_44,44,1.2,200,temperature_44,200,MEL_4,500,100.0,VM_2,250.0,Normal,0.0,0.0
OsmosisIoT_45,45,1.2,200,temperature_45,500,MEL_5,200,250.0,VM_3,100.0,Normal,0.0,0.09079601704059531
OsmosisIoT_46,46,1.2,200,temperature_46,100,MEL_6,300,50.0,VM_4,150.0,Normal,0.0,0.0
OsmosisIoT_47,47,1.2,200,temperature_47,150,MEL_7,400,75.0,VM_5,200.0,Normal,0.0,0.0
OsmosisIoT_48,48,1.2,200,temperature_48,200,MEL_8,500,100.0,VM_6,250.0,Normal,0.0,0.0
OsmosisIoT_49,49,1.2,200,temperature_49,500,MEL_9,200,250.0,VM_1,100.0,Normal,0.0,0.0
OsmosisIoT_50,50,1.2,200,temperature_50,100,MEL_10,300,50.0,VM_2,150.0,Normal,0.0,0.0
OsmosisIoT_51,51,1.2,200,temperature_51,150,MEL_11,400,75.0,VM_3,200.0,Normal,0.0,0.0
OsmosisIoT_52,52,1.2,200,temperature_52,200,MEL_12,500,100.0,VM_4,250.0,Normal,0.0,0.09079601704059531
OsmosisIoT_53,53,1.2,200,temperature_53,500,MEL_13,200,250.0,VM_5,100.0,Normal,0.0,0.0
OsmosisIoT_54,54,1.2,200,temperature_54,100,MEL_14,300,50.0,VM_6,150.0,Normal,0.0,0.0
OsmosisIoT_55,55,1.2,200,temperature_55,150,MEL_15,400,75.0,VM_1,200.0,Normal,0.0,0.0
OsmosisIoT_56,56,1.2,200,temperature_56,200,MEL_16,500,100.0,VM_2,250.0,Normal,0.0,0.0
OsmosisIoT_57,57,1.2,200,temperature_57,500,MEL_17,200,250.0,VM_3,100.0,Normal,0.0,0.09079601704059531
OsmosisIoT_58,58,1.2,200,temperature_58,100,MEL_18,300,50.0,VM_4,150.0,Normal,0.0,0.0
OsmosisIoT_59,59,1.2,200,temperature_59,150,MEL_19,400,75.0,VM_5,200.0,Normal,0.0,0.0
OsmosisIoT_60,60,1.2,200,temperature_60,200,MEL_20,500,100.0,VM_6,250.0,Normal,0.0,0.09079601704059531
OsmosisIoT_61,61,1.2,200,temperature_61,500,MEL_1,200,250.0,VM_1,100.0,Normal,0.0,0.0
OsmosisIoT_62,62,1.2,200,temperature_62,100,MEL_2,300,50.0,VM_2,150.0,Normal,0.0,0.0
OsmosisIoT_63,63,1.2,200,temperature_63,150,MEL_3,400,75.0,VM_3,200.0,Normal,0.0,0.0
OsmosisIoT_64,64,1.2,200,temperature_64,200,MEL_4,500,100.0,VM_4,250.0,Normal,0.0,0.09079601704059531
OsmosisIoT_65,65,1.2,200,temperature_65,500,MEL_5,200,250.0,VM_5,100.0,Normal,0.0,0.0
OsmosisIoT_66,66,1.2,200,temperature_66,100,MEL_6,300,50.0,VM_6,150.0,Normal,0.0,0.09079601704059531
OsmosisIoT_67,67,1.2,200,temperature_67,150,MEL_7,400,75.0,VM_1,200.0,Normal,0.0,0.0
OsmosisIoT_68,68,1.2,200,temperature_68,200,MEL_8,500,100.0,VM_2,250.0,Normal,0.0,0.09079601704059531
OsmosisIoT_69,69,1.2,200,temperature_69,500,MEL_9,200,250.0,VM_3,100.0,Normal,0.0,0.09079601704059531
OsmosisIoT_70,70,1.2,200,temperature_70,100,MEL_10,300,50.0,VM_4,150.0,Normal,0.0,0.0
OsmosisIoT_71,71,1.2,200,temperature_71,150,MEL_11,400,75.0,VM_5,200.0,Normal,0.0,0.09079601704059531
OsmosisIoT_72,72,1.2,200,temperature_72,200,MEL_12,500,100.0,VM_6,250.0,Normal,0.0,0.0
OsmosisIoT_73,73,1.2,200,temperature_73,500,MEL_13,200,250.0,VM_1,100.0,Normal,0.0,0.0
OsmosisIoT_74,74,1.2,200,temperature_74,100,MEL_14,300,50.0,VM_2,150.0,Normal,0.0,0.09079601704059531
OsmosisIoT_75,75,1.2,200,temperature_75,150,MEL_15,400,75.0,VM_3,200.0,Normal,0.0,0.09079601704059531
OsmosisIoT_76,76,1.2,200,temperature_76,200,MEL_16,500,100.0,VM_4,250.0,Normal,0.0,0.0
OsmosisIoT_77,77,1.2,200,temperature_77,500,MEL_17,200,250.0,VM_5,100.0,Normal,0.0,0.36318406816238125
OsmosisIoT_78,78,1.2,200,temperature_78,100,MEL_18,300,50.0,VM_6,150.0,Normal,0.0,0.0
OsmosisIoT_79,79,1.2,200,temperature_79,150,MEL_19,400,75.0,VM_1,200.0,Normal,0.0,0.0
OsmosisIoT_80,80,1.2,200,temperature_80,200,MEL_20,500,100.0,VM_2,250.0,Normal,0.0,0.0
