OsmosisIoT,ID,DataRate_Sec,StopDataGeneration_Sec,IoTDevice,IoTDeviceOutputData_Mb,MELName,OsmesisEdgelet_MI,MELOutputData_Mb,VmName,OsmesisCloudlet_MI,Protocol,Rate,Entropy
OsmosisIoT_1,1,1.2,200,temperature_1,500,MEL_1,200,250.0,VM_1,100.0,UDPFlooding,0.9992553675588467,0.0
OsmosisIoT_2,2,1.2,200,temperature_2,100,MEL_2,300,50.0,VM_2,150.0,UDPFlooding,0.9992553675588467,0.0
OsmosisIoT_3,3,1.2,200,temperature_3,150,MEL_3,400,75.0,VM_3,200.0,PortScanning,0.0,0.9987561874465484
OsmosisIoT_4,4,1.2,200,temperature_4,200,MEL_4,500,100.0,VM_4,250.0,UDP_Port,0.9992553675588467,0.9987561874465484
OsmosisIoT_5,5,1.2,200,temperature_5,500,MEL_5,200,250.0,VM_5,100.0,UDP_Port,0.9992553675588467,0.9987561874465484
OsmosisIoT_6,6,1.2,200,temperature_6,100,MEL_6,300,50.0,VM_6,150.0,UDP_Port,0.9992553675588467,0.9987561874465484
OsmosisIoT_7,7,1.2,200,temperature_7,150,MEL_7,400,75.0,VM_1,200.0,Normal,0.0,0.0
OsmosisIoT_8,8,1.2,200,temperature_8,200,MEL_8,500,100.0,VM_2,250.0,Normal,0.0,0.0
OsmosisIoT_9,9,1.2,200,temperature_9,500,MEL_9,200,250.0,VM_3,100.0,Normal,0.0,0.0
OsmosisIoT_10,10,1.2,200,temperature_10,100,MEL_10,300,50.0,VM_4,150.0,Normal,0.0,0.09079601704059531
OsmosisIoT_11,11,1.2,200,temperature_11,150,MEL_11,400,75.0,VM_5,200.0,Normal,0.0,0.0
OsmosisIoT_12,12,1.2,200,temperature_12,200,MEL_12,500,100.0,VM_6,250.0,Normal,0.0,0.0
OsmosisIoT_13,13,1.2,200,temperature_13,500,MEL_13,200,250.0,VM_1,100.0,Normal,0.0,0.0
OsmosisIoT_14,14,1.2,200,temperature_14,100,MEL_14,300,50.0,VM_2,150.0,Normal,0.0,0.0
OsmosisIoT_15,15,1.2,200,temperature_15,150,MEL_15,400,75.0,VM_3,200.0,Normal,0.0,0.0
OsmosisIoT_16,16,1.2,200,temperature_16,200,MEL_16,500,100.0,VM_4,250.0,Normal,0.0,0.0
OsmosisIoT_17,17,1.2,200,temperature_17,500,MEL_17,200,250.0,VM_5,100.0,Normal,0.0,0.0
OsmosisIoT_18,18,1.2,200,temperature_18,100,MEL_18,300,50.0,VM_6,150.0,Normal,0.0,0.0
OsmosisIoT_19,19,1.2,200,temperature_19,150,MEL_19,400,75.0,VM_1,200.0,Normal,0.0,0.0
OsmosisIoT_20,20,1.2,200,temperature_20,200,MEL_20,500,100.0,VM_2,250.0,Normal,0.0,0.0
