<?xml version="1.0" encoding="UTF-8"?>
<project-private xmlns="http://www.netbeans.org/ns/project-private/1">
    <editor-bookmarks xmlns="http://www.netbeans.org/ns/editor-bookmarks/2" lastBookmarkId="0"/>
    <open-files xmlns="http://www.netbeans.org/ns/projectui-open-files/2">
        <group>
            <file>file:/Users/hiwa_cst/Desktop/p/5)v18_17_11_Critical%20Over%20no%20of%20Services/1-%2010%20time%20for%20satsified/PAMED_Implementation/src/Utilities/Variables.java</file>
            <file>file:/Users/hiwa_cst/Desktop/p/5)v18_17_11_Critical%20Over%20no%20of%20Services/1-%2010%20time%20for%20satsified/PAMED_Implementation/src/pamed_implementation/ServicePlacement.java</file>
            <file>file:/Users/hiwa_cst/Desktop/p/5)v18_17_11_Critical%20Over%20no%20of%20Services/1-%2010%20time%20for%20satsified/PAMED_Implementation/src/Run/Main.java</file>
            <file>file:/Users/hiwa_cst/Desktop/p/5)v18_17_11_Critical%20Over%20no%20of%20Services/1-%2010%20time%20for%20satsified/PAMED_Implementation/src/Utilities/Parameters.java</file>
            <file>file:/Users/hiwa_cst/Desktop/p/5)v18_17_11_Critical%20Over%20no%20of%20Services/1-%2010%20time%20for%20satsified/PAMED_Implementation/src/pamed_implementation/TaskScheduling.java</file>
        </group>
    </open-files>
</project-private>
